[{
  "_id": {
    "$oid": "62ab748de20ba66b337f1082"
  },
  "email": "gonzalo@gmail.com",
  "fecha": "16/6/2022 14:32:27",
  "mensaje": "Hola a todos!"
},{
  "_id": {
    "$oid": "62ab748de20ba66b337f1083"
  },
  "email": "santiago@gmail.com",
  "fecha": "16/6/2022 14:34:12",
  "mensaje": "Hola! Como andan?"
},{
  "_id": {
    "$oid": "62ab748de20ba66b337f1084"
  },
  "email": "paula@gmail.com",
  "fecha": "16/6/2022 14:35:52",
  "mensaje": "Todo bien por suerte!"
},{
  "_id": {
    "$oid": "62ab748de20ba66b337f1085"
  },
  "email": "gonzalo@gmail.com",
  "fecha": "16/6/2022 14:36:45",
  "mensaje": "Hay que terminar el trabajo!"
},{
  "_id": {
    "$oid": "62ab748de20ba66b337f1086"
  },
  "email": "santiago@gmail.com",
  "fecha": "16/6/2022 14:38:56",
  "mensaje": "Si! Yo mi parte casi la tengo. Esta tarde lo subo"
},{
  "_id": {
    "$oid": "62ab748de20ba66b337f1087"
  },
  "email": "gonzalo@gmail.com",
  "fecha": "16/6/2022 14:39:27",
  "mensaje": "Excelente!"
},{
  "_id": {
    "$oid": "62ab748de20ba66b337f1088"
  },
  "email": "gonzalo@gmail.com",
  "fecha": "16/6/2022 14:40:27",
  "mensaje": "Vos como venis, Paula?"
},{
  "_id": {
    "$oid": "62ab748de20ba66b337f1089"
  },
  "email": "paula@gmail.com",
  "fecha": "16/6/2022 14:42:16",
  "mensaje": "Yo estoy un poco atrasada. Voy a tratar de tenerlo para esta noche"
},{
  "_id": {
    "$oid": "62ab748de20ba66b337f108a"
  },
  "email": "gonzalo@gmail.com",
  "fecha": "16/6/2022 14:45:37",
  "mensaje": "Okay, genial!"
},{
  "_id": {
    "$oid": "62ab748de20ba66b337f108b"
  },
  "email": "santiago@gmail.com",
  "fecha": "16/6/2022 14:52:27",
  "mensaje": "Genial! Llegamos perfecto a la entrega!"
}]